id;title;description;created
1;up;../fake-data/blob/hipster.txt;2022-10-08T07:40:22
2;collaborative embrace;../fake-data/blob/hipster.txt;2022-10-07T15:29:53
3;invoice National generate;../fake-data/blob/hipster.txt;2022-10-08T01:02:40
4;Investment global architect;../fake-data/blob/hipster.txt;2022-10-08T03:41:54
5;open-source forecast;../fake-data/blob/hipster.txt;2022-10-07T10:54:56
6;microchip Director;../fake-data/blob/hipster.txt;2022-10-07T20:28:28
7;impactful;../fake-data/blob/hipster.txt;2022-10-07T21:24:44
8;광주;../fake-data/blob/hipster.txt;2022-10-08T06:37:13
9;Usability 동 override;../fake-data/blob/hipster.txt;2022-10-08T03:06:31
10;Specialist functionalities 서울;../fake-data/blob/hipster.txt;2022-10-07T14:25:37
